{"_runtime":15747.074666102,"_timestamp":1.762037369778972e+09,"_step":1,"Train/Loss":0.6990290988321678,"_wandb":{"runtime":15747}}